Timestamp,title,genres
10/25/2021 11:21,How i met your mother,Comedy
10/25/2021 12:19,The Sopranos,"Comedy, Crime, Drama, Horror, Sci-Fi, Talk-Show, Thriller"
10/25/2021 13:34,Friday Night Lights,"Drama, Family, Sport"
10/25/2021 13:36,Family Guy,"Animation, Comedy"
10/25/2021 13:36,New Girl,Comedy
10/25/2021 13:36,Friends,Comedy
10/25/2021 13:36,Office,Comedy
10/25/2021 13:36,Breaking Bad,"Crime, Drama"
10/25/2021 13:36,Modern Family,Comedy
10/25/2021 13:36,Office,Comedy
10/25/2021 13:36,White Collar,"Action, Crime, Drama"
10/25/2021 13:36,Modern Family,"Comedy, Family"
10/25/2021 13:36,Game of Thrones,"Action, Adventure, Drama, Fantasy, Thriller, War"
10/25/2021 13:36,the Untamed,"Action, Drama, Fantasy, History, Romance"
10/25/2021 13:36,The 100,"Action, Sci-Fi"
10/25/2021 13:36,Modern Family,"Comedy, Family"
10/25/2021 13:36,The Office,Comedy
10/25/2021 13:36,New Girl,Comedy
10/25/2021 13:36,The Office,Comedy
10/25/2021 13:36,Avatar: The Last Airbender,"Adventure, Animation"
10/25/2021 13:36,Cobra Kai,"Action, Sport"
10/25/2021 13:36,Sherlock Homes,"Crime, Drama, Mystery"
10/25/2021 13:36,New Girl,Comedy
10/25/2021 13:36,arrow,"Action, Crime, Fantasy"
10/25/2021 13:36,Grace and Frankie,"Comedy, Romance"
10/25/2021 13:36,The Great British Baking Show,Game-Show
10/25/2021 13:36,The Mentalist,"Crime, Mystery"
10/25/2021 13:36,Brooklyn-99,"Action, Comedy, Crime"
10/25/2021 13:36,Avatar The Last Airbender ,"Action, Adventure, Animation, Comedy, Family, Fantasy"
10/25/2021 13:36,Parks and Rec,Comedy
10/25/2021 13:36,Archer,"Action, Animation, Comedy"
10/25/2021 13:36,Friends,Comedy
10/25/2021 13:36,The Simpsons,Comedy
10/25/2021 13:36,Avatar The Last Airbender,"Action, Animation, Crime"
10/25/2021 13:36,The Flash,"Action, Crime"
10/25/2021 13:36,Avatar the Last Airbender ,"Action, Animation, Fantasy"
10/25/2021 13:36,New Girl,Comedy
10/25/2021 13:36,Stranger Things,"Action, Adventure"
10/25/2021 13:37,Squid Game,"Action, Adventure, Drama, Thriller"
10/25/2021 13:37,Friends ,Comedy
10/25/2021 13:37,Community,Comedy
10/25/2021 13:37,Curb Your Enthusiasm,Comedy
10/25/2021 13:37,Hannah Montana ,"Comedy, Family"
10/25/2021 13:37,The Simpsons,Comedy
10/25/2021 13:37,The Good Place,Comedy
10/25/2021 13:37,Band of Brothers,"Action, Biography, Documentary, Drama, History, War"
10/25/2021 13:37,Jeopardy,Game-Show
10/25/2021 13:37,The Office,Comedy
10/25/2021 13:37,The Good Place,"Comedy, Fantasy"
10/25/2021 13:37,Violet Evergarden,"Animation, Drama"
10/25/2021 13:37,Avatar the Last Airbender,"Adventure, Comedy, Family"
10/25/2021 13:37,Game of Thrones,"Action, Adventure, Drama"
10/25/2021 13:37,Breaking Bad,"Action, Crime, Drama, Thriller"
10/25/2021 13:37,Criminal Minds,Crime
10/25/2021 13:37,Shark Tank,Family
10/25/2021 13:37,Star Trek: The Next Generation,Sci-Fi
10/25/2021 13:37,Squid Game,"Action, Horror, Thriller"
10/25/2021 13:37,White Collar,"Crime, Drama"
10/25/2021 13:37,Parks and Recreation ,"Comedy, Documentary"
10/25/2021 13:37,Mad Men,Drama
10/25/2021 13:37,Friends,Comedy
10/25/2021 13:37,South Park,Comedy
10/25/2021 13:37,The Office ,Comedy
10/25/2021 13:37,Norsemen,"Adventure, Comedy, History"
10/25/2021 13:37,The West Wing,Drama
10/25/2021 13:37,Regular Show,Comedy
10/25/2021 13:37,Ted Lasso,Comedy
10/25/2021 13:37,The Wire,"Crime, Drama"
10/25/2021 13:37,Lost,"Action, Adventure, Fantasy, Sci-Fi"
10/25/2021 13:37,The Office,Comedy
10/25/2021 13:37,Breaking Bad,Action
10/25/2021 13:37,community,Comedy
10/25/2021 13:37,Queenâ€™s Gambit,"Drama, Thriller"
10/25/2021 13:37,Community,Comedy
10/25/2021 13:37,Friends,Comedy
10/25/2021 13:37,How I Met Your Mother,Comedy
10/25/2021 13:37,Six Flying Dragons,"Action, Drama, History"
10/25/2021 13:37,Gilmore Girls,"Family, Horror, Romance"
10/25/2021 13:37,Reba,Comedy
10/25/2021 13:37,friends,Comedy
10/25/2021 13:37,Evacuate Earth,Sci-Fi
10/25/2021 13:37,Friends,Comedy
10/25/2021 13:37,The Flash,Sci-Fi
10/25/2021 13:37,The Office,"Animation, Comedy, Sci-Fi"
10/25/2021 13:37,Supernatural ,"Action, Drama, Fantasy, Horror, Mystery"
10/25/2021 13:37,Peaky Blinders,"Action, Adventure, Crime, Drama, History"
10/25/2021 13:37,Game of Thrones,"Action, Adventure, Comedy, Drama, Family, Fantasy, History, Horror, Musical, Mystery, Romance, Thriller, War"
10/25/2021 13:37,Game of Thrones,"Action, Drama, Family, Fantasy, War"
10/25/2021 13:37,Community,Comedy
10/25/2021 13:37,Breaking Bad,Crime
10/25/2021 13:37,Community,Comedy
10/25/2021 13:37,The Office,"Comedy, Drama"
10/25/2021 13:37,The Good Place,"Adventure, Comedy, Drama"
10/25/2021 13:37,The Office,Comedy
10/25/2021 13:37,You,"Drama, Thriller"
10/25/2021 13:37,Community,Comedy
10/25/2021 13:37,Grey's Anatomy,Drama
10/25/2021 13:37,Breaking Bad,"Action, Comedy, Crime"
10/25/2021 13:37,The Crown,Comedy
10/25/2021 13:37,Arrested Development,Comedy
10/25/2021 13:37,Avatar: The Last Airbender,"Action, Adventure, Animation, Fantasy"
10/25/2021 13:37,Black Mirror,"Action, Adventure, Animation, Biography, Comedy, Crime, Documentary, Drama, Family, Fantasy, Game-Show, History, Horror, Music, Musical, Mystery, News, Reality-TV, Romance, Sci-Fi, Short, Sport, Talk-Show, Thriller, War, Western"
10/25/2021 13:37,Friends,Comedy
10/25/2021 13:37,Saturday Night Live,Comedy
10/25/2021 13:37,How I Met Your Mother,Comedy
10/25/2021 13:37,The Office,Comedy
10/25/2021 13:37,the bachelorette,"Reality-TV, Romance"
10/25/2021 13:37,The CROWN,Drama
10/25/2021 13:37,Law and order,"Crime, Drama, Mystery, Thriller"
10/25/2021 13:37,B99,Comedy
10/25/2021 13:37,GoT,Action
10/25/2021 13:37,Sherlock,Mystery
10/25/2021 13:37,WandaVision,"Action, Comedy, Drama, Thriller"
10/25/2021 13:37,Stranger Things,"Action, Adventure, Sci-Fi"
10/25/2021 13:37,The Good Place,"Comedy, Family, Fantasy"
10/25/2021 13:37,adventure time,"Adventure, Drama, Romance"
10/25/2021 13:37,Parks and Rec,Comedy
10/25/2021 13:37,squid game,"Action, Drama, Game-Show, Horror, Mystery, Thriller"
10/25/2021 13:37,Yellowstone,Western
10/25/2021 13:37,Brooklyn 99,"Comedy, Crime"
10/25/2021 13:37,criminal minds,Crime
10/25/2021 13:37,The Haunting of Hill House,Horror
10/25/2021 13:37,Avatar,"Action, Animation, Fantasy"
10/25/2021 13:37,the office,Comedy
10/25/2021 13:37,The Office,Comedy
10/25/2021 13:37,Game Of Thrones,Thriller
10/25/2021 13:37,The Originals,Drama
10/25/2021 13:37,family guy,Comedy
10/25/2021 13:37,Last Week Tonight with John Oliver,"Comedy, News, Talk-Show"
10/25/2021 13:37,Community,Comedy
10/25/2021 13:37,WandaVision,"Action, Fantasy, Sci-Fi"
10/25/2021 13:37,billions,"Comedy, Drama"
10/25/2021 13:37,ThE OffiCE,Comedy
10/25/2021 13:38,Friends,"Comedy, Family"
10/25/2021 13:38,The Office,Documentary
10/25/2021 13:38,Top Gear,"Action, Adventure, Comedy, Documentary, Family"
10/25/2021 13:38,Six Flying Dragons,"Action, Drama, History"
10/25/2021 13:38,New Amsterdam,Drama
10/25/2021 13:38,Game of Thrones,"Fantasy, Thriller, War"
10/25/2021 13:38,Blue Mountain State,"Action, Comedy, Sport"
10/25/2021 13:38,Community,"Action, Adventure, Animation, Comedy, Crime, Documentary, Drama, Family, Fantasy, Game-Show, History, Horror, Music, Musical, Mystery, News, Romance, Sci-Fi, Sport, Talk-Show, Thriller, War, Western"
10/25/2021 13:38,Its Always Sunny in Philidelphia,"Comedy, Drama"
10/25/2021 13:38,Thevoffice,Comedy
10/25/2021 13:38,Atlanta,Drama
10/25/2021 13:38,Good Omens,"Comedy, Drama, Fantasy, Sci-Fi"
10/25/2021 13:38,The Big Bang Theory,Comedy
10/25/2021 13:38,Grey's anatomy ,Drama
10/25/2021 13:38,Gilmore girls,"Comedy, Drama"
10/25/2021 13:38,Avatar: The Last Airbender,"Action, Animation"
10/25/2021 13:38,Avatar the Last Airbender,"Adventure, Comedy, Drama, Family, Fantasy"
10/25/2021 13:38,Hunter X Hunter,"Action, Adventure, Animation"
10/25/2021 13:38,brooklyn 99,"Comedy, Crime"
10/25/2021 13:38,sherlock holmes ,"Crime, Drama, Mystery"
10/25/2021 13:38,Anne With An E,Drama
10/25/2021 13:39,Money Heist,"Action, Adventure, Crime, Horror, Mystery, Sci-Fi, Thriller, War"
10/25/2021 13:39,Succession,Drama
10/25/2021 13:39,Silicon Valley,Comedy
,,
